{
  "network": "base-sepolia",
  "owners": {
    "owner1": {
      "address": "0xC6d8c760D4Cf1faB0a6FEE5cA288511C62cd35eC"
    },
    "owner2": {
      "address": "0x02CB09ebC963BE3Ea99c9FBc0BD4A35a193a6bcF"
    },
    "owner3": {
      "address": "0x0A95dE0848D5d4592224CC684671639E3881BF6e"
    },
    "owner4": {
      "address": "0xD2D08C830f8c153cfCA4E2Ee45684C562306948F"
    }
  },
  "smartAccounts": {
    "owner1": {
      "name": "smart-account-1",
      "address": "0x382d233262Fc9737188B6F6b2a25a24e05319F5E",
      "owner": "0xC6d8c760D4Cf1faB0a6FEE5cA288511C62cd35eC"
    },
    "owner2": {
      "name": "smart-account-2",
      "address": "0x55f7415B24eA71537d8E4b9Cb09Dc8244D36f231",
      "owner": "0x02CB09ebC963BE3Ea99c9FBc0BD4A35a193a6bcF"
    },
    "owner3": {
      "name": "smart-account-3",
      "address": "0x7481bB1D70e983b1DC8889242b909500Fa2A8C38",
      "owner": "0x0A95dE0848D5d4592224CC684671639E3881BF6e"
    },
    "owner4": {
      "name": "smart-account-4",
      "address": "0x3EA7294ff093215f733Be3A1C6c761168F1bF216",
      "owner": "0xD2D08C830f8c153cfCA4E2Ee45684C562306948F"
    }
  },
  "timestamp": "2025-08-10T03:08:32.980Z"
}